departement,population,Total_FdS_Insécurité,Total_FdS_Immigration,Total_FdS_Islamisme,Total_FdS_Défrancisation,Total_FdS_Wokisme,Total_Mosques,Mosques_per_100k,Total_QPV,Pop_in_QPV,Pop_in_QPV_pct,Crime_Coups_et_blessures_volontaires_p1k,Crime_Coups_et_blessures_volontaires_intrafamiliaux_p1k,Crime_Autres_coups_et_blessures_volontaires_p1k,Crime_Violences_sexuelles_p1k,Crime_Vols_avec_armes_p1k,Crime_Vols_violents_sans_arme_p1k,Crime_Vols_sans_violence_contre_des_personnes_p1k,Crime_Cambriolages_de_logement_p1k,Crime_Vols_de_véhicules_p1k,Crime_Vols_dans_les_véhicules_p1k,Crime_Vols_d_accessoires_sur_véhicules_p1k,Crime_Destructions_et_dégradations_volontaires_p1k,Crime_Usage_de_stupéfiants_p1k,Crime_Usage_de_stupéfiants_AFD_p1k,Crime_Trafic_de_stupéfiants_p1k,Crime_Escroqueries_p1k,Crime_Homicides_p100k,Crime_Tentatives_d_homicides_p100k,Prenom_Traditionnel_pct,Prenom_Moderne_pct,Prenom_Inventé_pct,Prenom_Européen_pct,Prenom_Musulman_pct,Prenom_Africain_pct,Prenom_Asiatique_pct,FdS_Insécurité_per_1k,FdS_Immigration_per_1k,FdS_Islamisme_per_1k,FdS_Défrancisation_per_1k,FdS_Wokisme_per_1k
01,671289,34,13,2,5,3,37,5.512,7,19773,2.946,3.7242,2.3611,1.363,1.5984,0.0506,0.2071,4.6269,8.545,1.8025,2.5682,1.2022,6.2581,2.303,1.6371,0.3084,5.8842,0.8938,3.5752,36.39,3.89,15.0,28.61,20.56,1.94,0.28,0.051,0.019,0.003,0.007,0.004
02,525558,23,11,3,9,5,14,2.664,17,37780,7.189,5.478,3.2689,2.2091,2.0416,0.0647,0.2911,5.048,6.2001,2.3061,2.5725,1.7296,9.1883,3.7884,2.1311,0.3425,6.2372,1.5222,6.279,42.24,3.54,18.47,25.93,13.95,1.96,0.59,0.044,0.021,0.006,0.017,0.01
03,334715,7,7,1,4,2,13,3.884,6,13380,3.997,4.0542,2.2825,1.7717,1.7119,0.0418,0.1613,4.9296,4.9651,0.8037,1.5446,0.6483,7.5019,4.8459,2.9428,0.6423,6.0798,1.7926,2.6888,46.45,3.55,14.52,30.0,10.0,0.65,0.65,0.021,0.021,0.003,0.012,0.006
04,167179,3,1,0,1,1,7,4.187,3,7455,4.459,4.8511,3.0207,1.8304,1.8663,0.0419,0.2393,5.527,4.2417,1.316,2.4584,0.8673,8.4101,7.5249,2.925,0.5025,6.3824,0.5982,4.1871,45.28,5.66,11.32,30.19,15.09,1.89,0.0,0.018,0.006,0.0,0.006,0.006
05,141677,16,18,4,8,6,2,1.412,1,1426,1.007,4.7573,2.6327,2.1246,2.3081,0.0635,0.2682,7.2983,2.4021,1.1787,1.7434,0.5011,7.8982,4.7855,2.3998,0.5505,6.296,0.0,2.1175,43.52,7.41,13.89,31.48,6.48,0.0,0.0,0.113,0.127,0.028,0.056,0.042
06,1114579,41,36,9,14,10,46,4.127,14,70779,6.35,5.7537,3.2461,2.5077,1.4248,0.1184,0.943,12.7896,4.0879,2.3291,3.2165,0.8272,9.3398,5.1302,3.8535,1.0488,7.0107,2.0636,7.1776,30.97,3.15,13.85,32.81,25.2,2.03,0.46,0.037,0.032,0.008,0.013,0.009
07,333229,29,11,7,5,4,15,4.501,5,8887,2.667,3.8502,2.0346,1.8156,1.6385,0.033,0.1651,4.5674,3.4863,1.3204,1.2754,0.4952,6.8541,3.193,1.8006,0.3841,5.0206,0.6002,2.1007,40.74,4.63,15.74,32.41,12.04,0.93,0.93,0.087,0.033,0.021,0.015,0.012
08,267204,9,4,1,3,3,11,4.117,8,20387,7.63,5.8981,3.2747,2.6235,1.8712,0.0524,0.3106,5.1421,6.0636,1.4334,1.9536,0.887,8.4093,3.0239,1.6691,0.2507,4.4049,0.3743,1.8712,43.79,4.73,15.98,26.63,11.24,2.37,0.0,0.034,0.015,0.004,0.011,0.011
09,155339,13,9,3,4,3,10,6.438,3,7013,4.515,4.8088,2.7295,2.0793,1.9119,0.0515,0.1159,5.9097,3.6281,0.8755,1.7317,0.721,8.8194,3.5857,2.0407,0.5279,5.2015,2.575,7.725,45.83,4.17,9.72,37.5,8.33,0.0,0.0,0.084,0.058,0.019,0.026,0.019
10,311076,6,3,1,3,2,24,7.715,10,28042,9.015,5.4617,3.0475,2.4142,1.9449,0.0386,0.2957,6.2139,6.5849,1.4498,2.9607,1.2891,6.9951,2.0799,0.7233,0.4179,5.9535,0.9644,5.7864,43.04,4.78,14.78,25.65,17.83,2.17,0.0,0.019,0.01,0.003,0.01,0.006
11,377773,24,14,6,5,6,17,4.5,10,26333,6.971,5.2042,2.8377,2.3665,1.7709,0.0635,0.3891,7.3219,6.0226,1.9774,4.2459,1.6465,9.9981,3.203,2.1018,0.5612,5.5139,1.853,6.6177,42.15,4.13,13.22,30.58,16.12,1.24,1.24,0.064,0.037,0.016,0.013,0.016
12,279736,11,5,2,6,7,6,2.145,5,9486,3.391,3.2066,1.8231,1.3834,1.3477,0.0143,0.1251,3.3925,3.1251,0.6542,0.9151,0.4183,5.2264,3.5676,1.9983,0.5541,4.969,0.3575,4.2898,51.17,5.16,12.68,28.17,7.51,0.47,0.0,0.039,0.018,0.007,0.021,0.025
13,2069811,50,29,21,21,10,107,5.17,71,328889,15.89,5.8851,3.0863,2.7988,1.4924,0.2778,1.5378,12.3238,9.3581,4.9333,8.5911,3.2916,10.2459,11.2667,9.8492,2.0441,7.1818,3.0921,9.0346,28.08,2.69,14.46,28.49,31.58,2.91,0.43,0.024,0.014,0.01,0.01,0.005
14,704605,14,10,0,7,3,8,1.135,8,32484,4.61,4.6636,2.7533,1.9103,1.9018,0.044,0.2498,5.9963,3.6512,1.1936,2.3687,0.7976,6.8932,3.0145,1.8379,0.2838,5.4087,1.2773,2.9804,50.34,4.06,14.67,24.49,10.84,1.13,0.11,0.02,0.014,0.0,0.01,0.004
15,144399,7,4,2,3,0,2,1.385,1,2394,1.658,2.9917,1.6205,1.3712,1.7936,0.0139,0.1385,2.8809,1.9389,0.4501,0.6717,0.2562,5.3948,1.8906,0.5609,0.4571,4.8477,0.0,3.4626,62.79,3.49,8.14,23.26,3.49,0.0,0.0,0.048,0.028,0.014,0.021,0.0
16,351603,11,7,3,3,2,3,0.853,6,16126,4.586,4.9118,2.6792,2.2326,2.2099,0.0483,0.3612,5.839,5.6984,1.1945,2.3578,1.0552,8.0204,2.5825,1.0893,0.6342,6.4021,1.4221,2.8441,45.54,3.96,15.51,27.72,11.88,1.32,0.66,0.031,0.02,0.009,0.009,0.006
17,668160,17,7,2,1,2,5,0.748,7,23094,3.456,4.252,2.4515,1.8005,2.0998,0.0239,0.2469,6.708,5.6393,1.9666,2.5054,1.3051,8.2001,3.4109,1.9037,0.4445,5.6184,0.449,2.5443,47.53,4.42,15.02,27.56,8.48,0.88,0.53,0.025,0.01,0.003,0.001,0.003
18,299496,6,6,4,5,0,9,3.005,4,15400,5.142,3.9032,2.3172,1.586,1.5459,0.0401,0.3306,4.5443,7.9934,1.4858,1.97,1.3222,7.5293,2.581,1.7329,0.2237,5.4291,1.0017,2.0034,39.73,4.57,15.53,30.59,14.16,2.28,0.91,0.02,0.02,0.013,0.017,0.0
19,240120,11,10,6,7,7,10,4.165,3,5319,2.215,4.3978,2.6987,1.6992,1.7533,0.0167,0.1541,4.6352,4.0293,0.658,0.7913,0.404,5.6847,2.7153,1.1328,0.4373,5.3931,0.8329,1.6658,44.86,4.67,16.36,29.91,8.88,0.47,0.47,0.046,0.042,0.025,0.029,0.029
21,537577,10,4,1,4,1,21,3.906,6,25161,4.68,4.1017,2.1355,1.9662,1.6667,0.0818,0.3813,6.4177,4.2983,1.0287,2.8963,1.5607,7.4799,4.3956,3.1326,0.5841,5.495,1.1161,4.8365,47.95,3.65,13.39,23.9,15.22,1.98,0.15,0.019,0.007,0.002,0.007,0.002
22,609598,15,14,3,8,5,4,0.656,7,13570,2.226,4.0961,2.6312,1.4649,1.7487,0.0246,0.1985,4.8688,3.373,0.8235,1.2467,0.5774,7.0555,2.1276,1.2139,0.3642,5.0673,0.6562,3.773,48.29,3.19,19.82,24.37,8.66,0.68,0.23,0.025,0.023,0.005,0.013,0.008
23,115529,12,13,3,9,2,4,3.462,1,2497,2.161,4.4404,2.5968,1.8437,1.9735,0.0692,0.1385,3.5835,3.1904,0.8656,0.831,0.6838,5.9552,2.2159,0.8916,0.528,4.6915,0.0,1.7312,57.14,9.52,9.52,23.81,4.76,0.0,0.0,0.104,0.113,0.026,0.078,0.017
24,416325,10,10,2,4,3,6,1.441,5,7904,1.899,4.0233,2.6542,1.3691,1.6814,0.0168,0.1393,4.2034,4.3273,0.7206,0.8815,0.442,6.065,1.9912,1.1001,0.3411,5.1907,1.6814,2.1618,42.67,6.22,15.11,30.22,10.67,1.33,0.44,0.024,0.024,0.005,0.01,0.007
25,548662,19,16,5,6,3,28,5.103,17,51690,9.421,5.2273,2.8597,2.3676,1.8864,0.1221,0.3262,4.6477,3.0675,1.1045,1.6294,0.9386,6.4265,3.7819,2.5881,0.7892,5.1544,2.1871,7.1082,43.87,4.03,12.27,27.9,15.97,1.34,0.17,0.035,0.029,0.009,0.011,0.005
26,521432,33,17,7,11,3,12,2.301,12,31447,6.031,5.1224,2.9381,2.1844,1.7893,0.1112,0.4277,7.2876,6.0513,2.7424,3.9986,1.5093,8.2849,3.6131,2.0866,0.6559,5.6939,2.1096,5.9452,38.41,3.12,14.58,29.3,18.62,0.78,0.26,0.063,0.033,0.013,0.021,0.006
27,601305,8,4,1,3,1,28,4.657,12,37357,6.213,4.605,2.8804,1.7246,1.9807,0.0482,0.2461,4.4137,5.636,1.6414,1.7063,1.2639,6.3562,3.2679,1.9408,0.4025,5.7857,1.3304,4.8228,39.35,4.19,15.48,30.0,16.77,0.97,0.32,0.013,0.007,0.002,0.005,0.002
28,432950,11,6,4,3,2,21,4.85,11,30806,7.115,4.1275,2.5384,1.5891,1.7646,0.0554,0.2148,4.0605,5.6585,1.4921,1.954,1.2449,6.6382,2.3744,1.2865,0.3649,4.7049,0.9239,6.4673,35.7,3.41,15.22,29.13,22.83,3.41,0.26,0.025,0.014,0.009,0.007,0.005
29,927912,23,18,5,13,6,7,0.754,9,23256,2.506,3.7956,2.1931,1.6025,1.6898,0.0528,0.3039,4.9401,4.0054,1.3762,1.6273,0.8568,7.3897,2.2287,0.9419,0.4138,5.3195,0.7544,4.0952,47.56,3.86,16.46,25.2,10.67,1.02,0.51,0.025,0.019,0.005,0.014,0.006
2A,166045,8,5,2,2,2,7,4.216,3,6989,4.209,4.1555,2.1681,1.9874,0.9395,0.0301,0.1686,4.7096,0.9764,1.9754,0.9696,1.06,8.2026,2.2524,1.1443,0.524,4.3121,2.409,9.6359,,,,,,,,0.048,0.03,0.012,0.012,0.012
2B,185231,9,8,2,3,3,4,2.159,2,11172,6.031,4.1678,2.3376,1.8301,1.2525,0.0324,0.189,4.3783,0.8704,1.4738,0.8746,0.6047,8.4759,1.9381,0.7126,0.3671,5.0046,7.0183,4.8588,,,,,,,,0.049,0.043,0.011,0.016,0.016
30,764010,43,29,15,13,11,35,4.581,17,78820,10.317,4.8861,2.7094,2.1767,1.7081,0.106,0.4843,7.3075,6.781,1.9987,2.6531,1.2133,8.1138,3.7251,2.5052,0.8992,6.1138,0.9162,6.9371,30.08,3.12,14.58,28.26,29.69,2.21,0.26,0.056,0.038,0.02,0.017,0.014
31,1456261,29,13,4,8,6,27,1.854,19,87295,5.994,4.8343,2.6678,2.1665,1.6666,0.1215,0.8144,10.3216,8.3082,1.8568,5.8163,1.7051,8.0446,3.5385,2.5305,1.0664,7.0654,1.03,5.8369,37.1,3.21,13.37,26.01,25.54,2.96,0.43,0.02,0.009,0.003,0.005,0.004
32,192649,10,2,0,1,0,9,4.672,1,2783,1.445,3.5609,2.1023,1.4586,1.6299,0.026,0.109,4.1319,7.2868,1.0278,1.3756,0.8928,5.4763,1.9206,0.9707,0.3893,5.6009,0.5191,0.5191,65.45,9.09,9.09,16.36,1.82,0.0,0.0,0.052,0.01,0.0,0.005,0.0
33,1674980,51,35,12,22,19,32,1.91,25,77896,4.651,4.7792,2.6818,2.0973,1.9618,0.1033,0.8412,10.9536,8.666,2.212,6.7947,1.4132,8.7858,2.4448,1.4693,0.4305,6.6849,0.7761,3.8209,42.26,3.22,14.96,26.67,16.73,1.77,0.39,0.03,0.021,0.007,0.013,0.011
34,1217331,52,29,12,15,6,44,3.614,21,112583,9.248,5.5038,2.8283,2.6755,1.5329,0.1298,0.9463,12.3721,6.6213,2.287,5.3272,1.6199,9.7402,5.5268,4.0203,0.6769,7.017,1.4786,8.4611,31.17,3.32,15.13,28.54,27.39,2.35,0.52,0.043,0.024,0.01,0.012,0.005
35,1109232,12,24,3,11,5,12,1.082,6,38131,3.438,3.9766,2.3674,1.6092,1.8842,0.0838,0.5049,7.2023,5.6751,1.7751,3.0111,1.0061,6.7389,2.9155,1.8616,0.6148,5.5209,0.9917,3.7864,48.18,3.25,15.49,23.26,13.01,1.76,0.44,0.011,0.022,0.003,0.01,0.005
36,216809,8,8,0,7,1,2,0.922,4,11574,5.338,4.2757,2.4538,1.8219,1.7619,0.0277,0.2168,5.0644,5.8538,1.6051,2.6106,1.8127,7.7857,2.0571,0.9778,0.2491,5.4472,2.7674,1.3837,37.88,6.06,19.7,30.3,12.12,0.0,0.0,0.037,0.037,0.0,0.032,0.005
37,616326,10,12,2,4,4,9,1.46,15,42241,6.854,4.3127,2.536,1.7767,2.1531,0.06,0.4705,7.1407,7.5219,1.5771,5.4273,1.4262,6.6085,1.8334,0.9946,0.2499,6.6864,0.4868,2.7583,46.95,3.32,12.07,24.54,17.37,2.52,0.4,0.016,0.019,0.003,0.006,0.006
38,1291380,77,24,20,20,10,56,4.336,24,72388,5.605,4.6152,2.5074,2.1078,1.7323,0.192,0.7163,8.5025,9.0992,2.8357,6.826,1.9336,8.3113,4.4077,2.9751,0.7775,6.5093,1.5487,5.8077,33.6,3.28,13.73,29.4,25.15,2.67,0.55,0.06,0.019,0.015,0.015,0.008
39,258405,10,4,0,6,1,16,6.192,4,9817,3.799,3.9241,2.4806,1.4435,1.8498,0.0348,0.1587,4.2337,3.1475,0.9984,1.6757,0.9094,6.4202,2.7863,1.6486,0.3057,5.2244,1.161,0.774,49.44,5.56,15.56,25.56,7.78,0.56,0.0,0.039,0.015,0.0,0.023,0.004
40,428427,19,12,2,3,3,3,0.7,5,8504,1.985,4.1314,2.3505,1.7809,2.0587,0.0303,0.3314,7.3361,4.6226,1.1811,1.6619,0.6932,6.832,2.9573,1.8976,0.4108,6.2134,0.2334,2.8009,43.84,5.42,15.27,32.02,6.9,0.99,0.49,0.044,0.028,0.005,0.007,0.007
41,328953,12,10,5,6,0,8,2.432,4,18021,5.478,4.6238,3.1494,1.4744,1.9273,0.0638,0.2797,5.247,6.931,2.4806,2.0337,1.2585,6.6696,1.8635,1.0944,0.1155,4.8791,0.912,4.5599,45.04,2.84,12.06,26.24,17.02,3.55,1.06,0.036,0.03,0.015,0.018,0.0
42,772041,24,10,2,3,1,43,5.57,24,64887,8.405,4.4467,2.3457,2.1009,1.5401,0.0958,0.8173,6.1357,7.5027,2.1631,4.15,2.2058,8.7107,4.3599,3.04,0.4106,5.6215,0.9067,6.7354,33.85,3.28,15.47,26.02,27.12,1.91,0.36,0.031,0.013,0.003,0.004,0.001
43,228161,10,4,1,5,0,3,1.315,2,2622,1.149,3.5501,2.152,1.3981,1.6085,0.0219,0.1359,3.3923,3.0364,0.8108,0.916,0.6574,5.4128,3.4055,1.4639,0.3682,5.4742,0.4383,0.8766,55.42,1.2,14.46,26.51,7.23,0.0,0.0,0.044,0.018,0.004,0.022,0.0
44,1473156,14,8,1,3,4,20,1.358,19,65393,4.439,3.8333,2.1702,1.6631,1.6869,0.1276,0.6747,8.5164,6.8777,2.9623,4.9662,1.9115,7.2857,2.9698,1.9794,0.4887,5.7808,1.0182,5.4305,45.27,3.1,13.58,24.16,16.9,3.72,0.53,0.01,0.005,0.001,0.002,0.003
45,687063,16,9,5,3,2,34,4.949,19,51126,7.441,4.4727,2.6897,1.783,2.1177,0.0757,0.4497,5.8059,5.8946,1.5166,2.5762,0.9955,5.8816,2.435,1.6127,0.3275,6.0649,0.8733,9.0239,33.73,2.61,13.42,25.42,29.33,4.75,0.36,0.023,0.013,0.007,0.004,0.003
46,175620,4,2,0,2,0,5,2.847,1,1514,0.862,3.6898,2.141,1.5488,1.7823,0.0683,0.2562,4.6464,4.5862,0.7459,0.8313,0.4498,5.8251,1.6684,0.5808,0.3872,5.7624,1.7082,1.7082,39.13,6.52,8.7,39.13,10.87,0.0,0.0,0.023,0.011,0.0,0.011,0.0
47,332226,16,14,6,6,3,19,5.719,7,13657,4.111,4.7799,2.6488,2.1311,1.7037,0.0211,0.2378,6.1404,5.7244,1.1438,1.9655,1.2642,7.4588,2.8986,1.9776,0.3642,5.9327,1.505,3.01,41.81,3.83,11.5,30.31,17.07,0.7,0.0,0.048,0.042,0.018,0.018,0.009
48,76503,8,1,2,3,2,2,2.614,1,1118,1.461,3.7384,2.0653,1.6731,1.9346,0.0,0.0784,2.6273,1.2418,0.4706,0.8104,0.6405,4.9933,2.3921,0.7974,0.4967,3.9998,1.3071,5.2286,52.94,0.0,23.53,29.41,11.76,0.0,0.0,0.105,0.013,0.026,0.039,0.026
49,845126,5,3,3,4,1,11,1.302,15,46184,5.465,3.4052,2.1071,1.2981,1.9767,0.0459,0.3007,5.1971,4.8095,1.5516,2.3003,1.2981,6.8852,1.7678,0.873,0.3067,5.0872,1.0868,4.1055,48.86,3.38,14.45,23.49,13.59,2.51,0.24,0.006,0.004,0.004,0.005,0.001
50,496815,13,12,2,2,1,3,0.604,7,15334,3.086,3.2125,1.9585,1.254,1.7049,0.0161,0.1872,3.9793,3.1113,0.9682,1.5479,0.4992,6.278,2.0933,1.2902,0.2134,4.6577,1.2077,2.6167,54.08,3.63,16.33,22.69,5.63,0.36,0.36,0.026,0.024,0.004,0.004,0.002
51,564107,14,8,1,4,2,23,4.077,13,60186,10.669,5.6124,3.2512,2.3613,1.8241,0.0656,0.5566,6.7168,5.9219,2.5669,4.5966,1.6593,9.1153,3.432,1.9624,0.3404,5.8003,1.2409,7.0908,49.26,3.22,13.15,22.15,16.38,1.48,0.13,0.025,0.014,0.002,0.007,0.004
52,169865,2,1,0,1,1,12,7.064,4,10679,6.287,4.951,2.8846,2.0663,1.6425,0.0294,0.1943,4.2033,4.3092,1.5365,2.6609,1.6719,7.1056,2.6492,1.5365,0.4121,4.4035,2.9435,2.9435,42.62,4.1,16.39,30.33,11.48,0.82,0.0,0.012,0.006,0.0,0.006,0.006
53,305437,2,3,0,1,0,4,1.31,3,6958,2.278,4.1743,2.8091,1.3653,2.1772,0.0164,0.203,4.0172,5.1655,0.6286,2.0004,0.5959,5.4479,2.94,1.7025,0.4747,5.1238,0.6548,2.6192,50.53,3.86,10.88,24.91,12.63,4.21,0.35,0.007,0.01,0.0,0.003,0.0
54,732898,5,3,1,1,0,37,5.048,18,51547,7.033,5.1044,2.778,2.3264,1.7083,0.06,0.4011,6.8836,5.0281,1.1352,3.0182,0.9851,7.9111,2.9377,1.4081,0.5485,5.2968,0.8187,4.0933,42.69,3.0,14.63,24.7,20.26,1.32,0.24,0.007,0.004,0.001,0.001,0.0
55,180745,6,3,2,4,1,10,5.533,3,6646,3.677,4.2657,2.4178,1.8479,1.8534,0.0498,0.166,3.9116,5.4796,1.4108,2.3237,0.8631,7.4414,4.3985,1.4606,0.8078,4.5423,1.1065,11.6186,41.51,0.0,20.75,32.08,7.55,0.0,1.89,0.033,0.017,0.011,0.022,0.006
56,776103,13,10,3,8,5,13,1.675,9,20833,2.684,3.8899,2.3051,1.5848,1.8361,0.0271,0.2319,5.2789,4.7957,1.3349,2.0719,1.2795,6.503,2.0874,1.2022,0.3891,5.7351,0.9019,2.9635,50.4,3.62,15.97,22.88,10.31,1.25,0.57,0.017,0.013,0.004,0.01,0.006
57,1050721,15,13,9,10,6,53,5.044,26,68885,6.556,4.3484,2.7267,1.6217,1.3648,0.0809,0.2817,5.3316,5.1379,1.005,2.5126,0.906,7.0561,2.1928,1.4067,0.4302,4.416,1.1421,4.2828,32.88,4.06,14.71,27.64,26.29,1.86,0.42,0.014,0.012,0.009,0.01,0.006
58,202299,7,4,2,5,1,4,1.977,4,7071,3.495,4.0435,2.4666,1.5769,1.7944,0.0297,0.2224,4.9086,6.0828,1.7005,1.3742,1.5176,7.8349,2.0267,1.4088,0.1829,5.6451,0.9886,2.9659,56.25,3.75,10.0,27.5,6.25,0.0,0.0,0.035,0.02,0.01,0.025,0.005
59,2616909,56,43,12,17,15,107,4.089,94,436585,16.683,6.3766,3.8603,2.5163,2.1109,0.1127,0.7967,7.7962,6.9732,3.0402,5.3785,1.5243,9.2055,4.581,2.9176,0.7249,5.427,1.261,4.9677,38.41,2.85,15.76,22.39,25.07,2.85,0.51,0.021,0.016,0.005,0.006,0.006
60,830725,63,25,8,12,8,35,4.213,19,74339,8.949,5.0209,3.1117,1.9092,1.8442,0.0987,0.4225,5.2942,5.1424,2.8939,2.4894,1.9128,6.6641,4.206,2.7229,0.526,5.7745,0.963,4.6947,33.56,2.9,16.39,25.53,27.76,3.23,0.33,0.076,0.03,0.01,0.014,0.01
61,276144,6,3,4,4,0,10,3.621,7,16783,6.078,4.5158,2.9079,1.6079,2.1764,0.0471,0.2571,4.36,5.9716,1.0393,1.3182,0.9814,7.583,3.0853,1.434,0.3259,4.7982,0.7243,1.0864,48.26,3.86,16.99,25.1,10.42,1.16,0.0,0.022,0.011,0.014,0.014,0.0
62,1460184,39,24,2,15,13,37,2.534,64,173891,11.909,6.8272,4.2995,2.5278,2.3031,0.0753,0.3787,4.8104,5.0828,1.5813,2.4031,1.1252,8.9763,4.0858,2.5202,0.4814,4.7932,0.6849,6.2321,44.44,2.94,19.82,24.77,11.84,1.44,0.51,0.027,0.016,0.001,0.01,0.009
63,664385,14,12,3,4,2,26,3.913,7,28451,4.282,3.7478,1.9612,1.7866,1.5202,0.0542,0.435,6.2343,7.1773,2.0003,3.2195,0.7902,7.9066,2.4715,1.618,0.4801,5.4983,0.6021,6.4722,44.07,4.13,14.65,24.9,17.18,2.66,0.13,0.021,0.018,0.005,0.006,0.003
64,699473,9,5,2,3,4,7,1.001,4,14924,2.134,3.4297,1.8814,1.5483,1.5083,0.0429,0.3388,7.0625,4.1185,1.3153,2.5834,0.6648,6.6936,2.5419,1.2638,0.4861,5.7743,1.1437,2.1445,42.99,4.02,16.19,32.47,8.25,0.62,0.31,0.013,0.007,0.003,0.004,0.006
65,231453,3,2,0,3,2,3,1.296,4,9167,3.961,4.0872,2.346,1.7412,1.6116,0.0302,0.2376,6.7832,3.2001,1.0024,1.9658,0.5876,6.969,3.7329,1.1838,0.7475,5.5864,1.7282,2.5923,47.83,3.62,15.22,31.88,8.7,0.72,0.0,0.013,0.009,0.0,0.013,0.009
66,492964,12,6,1,6,0,23,4.666,10,31676,6.426,5.4142,2.7588,2.6554,1.9231,0.0953,0.7485,9.0757,5.3788,2.416,3.909,1.777,11.6885,3.1037,1.8521,1.136,7.3068,1.42,4.2599,29.86,4.91,15.91,33.99,21.22,0.98,0.0,0.024,0.012,0.002,0.012,0.0
67,1156963,9,11,12,13,1,43,3.717,24,95454,8.25,4.3294,2.4469,1.8825,1.5558,0.0735,0.3475,9.1006,4.0404,0.688,2.5446,0.4849,6.7435,1.8989,1.0752,0.3924,5.2629,0.4322,2.6794,41.96,3.59,11.6,23.51,23.77,1.86,0.32,0.008,0.01,0.01,0.011,0.001
68,767800,10,9,8,10,1,35,4.558,11,67267,8.761,4.888,2.963,1.925,1.8156,0.0443,0.2865,6.6541,4.3472,0.6955,2.2519,0.4532,6.3076,2.4212,1.2399,0.534,4.6718,1.0419,8.2053,35.17,3.72,13.87,26.94,26.61,1.58,0.79,0.013,0.012,0.01,0.013,0.001
69,1907982,47,30,16,22,7,90,4.717,48,195147,10.228,4.9429,2.4722,2.4707,1.6143,0.1441,1.5053,15.5562,8.6262,3.1059,9.2773,2.6772,8.1945,5.2212,3.9471,0.9193,7.8308,1.4151,5.2411,34.46,2.76,12.04,23.31,31.7,3.53,0.33,0.025,0.016,0.008,0.012,0.004
70,233920,10,2,0,1,0,12,5.13,5,8527,3.645,4.3305,2.5051,1.8254,1.8596,0.0385,0.1282,4.5913,3.0823,1.0645,1.8724,0.7609,6.9639,2.27,1.0816,0.5087,5.5318,0.855,3.8475,41.1,5.48,12.33,32.88,12.33,0.0,0.0,0.043,0.009,0.0,0.004,0.0
71,549136,7,5,1,3,1,22,4.006,12,26977,4.913,3.7131,2.1761,1.537,1.4386,0.0492,0.1748,4.1593,4.8463,1.129,1.8356,1.3203,5.9657,2.9792,1.7737,0.3132,4.8749,0.5463,5.281,44.44,3.7,11.57,25.93,17.82,1.16,0.23,0.013,0.009,0.002,0.005,0.002
72,566129,10,6,4,5,0,10,1.766,7,31774,5.613,4.5767,2.7291,1.8476,2.4747,0.0724,0.5052,5.2444,6.7168,1.2771,2.881,1.0687,6.8589,2.3775,1.2524,0.3533,5.5694,1.5897,5.1225,46.55,3.29,15.46,24.18,14.47,2.14,0.49,0.018,0.011,0.007,0.009,0.0
73,445288,20,11,4,8,3,22,4.941,3,13077,2.937,4.2961,2.3064,1.9897,1.6371,0.0494,0.2762,9.4119,3.6975,1.2554,2.9442,0.7905,7.4536,3.0879,1.7696,0.5233,5.7132,0.4491,5.6143,43.58,4.28,12.85,30.91,13.97,0.93,0.19,0.045,0.025,0.009,0.018,0.007
74,849583,36,19,3,7,1,38,4.473,6,17004,2.001,4.2515,2.5142,1.7373,1.4701,0.0918,0.4179,8.789,5.5964,1.9586,3.0992,0.5862,7.1517,3.517,1.7809,0.8345,6.216,3.5311,5.8852,38.19,3.66,13.12,27.21,22.79,1.8,0.48,0.042,0.022,0.004,0.008,0.001
75,2113705,2362,1525,517,844,908,55,2.602,21,123040,5.821,6.0221,2.5108,3.5114,2.7804,0.1746,3.5166,46.8731,6.6218,1.8711,7.0081,1.0862,8.4629,14.098,10.8629,2.3125,11.4013,1.6085,8.847,42.29,2.48,10.06,22.51,25.55,6.11,0.31,1.117,0.721,0.245,0.399,0.43
76,1260205,6,4,2,3,2,36,2.857,29,123712,9.817,5.5229,3.205,2.3179,2.0084,0.0992,0.6602,6.737,4.9464,1.9854,4.9611,1.5989,7.8106,4.4786,3.2511,0.3484,5.7721,1.1903,5.4753,39.1,3.01,15.5,23.13,23.17,4.05,0.57,0.005,0.003,0.002,0.002,0.002
77,1452399,78,37,9,18,8,66,4.544,25,91658,6.311,4.505,2.8945,1.6104,1.6807,0.1219,0.5632,6.7654,6.1742,2.4917,3.3407,2.4126,6.9933,6.2579,4.423,0.6004,5.9715,1.1016,3.5114,25.86,2.84,17.3,28.42,30.92,5.84,0.44,0.054,0.025,0.006,0.012,0.006
78,1470778,145,62,31,36,16,72,4.895,22,107230,7.291,4.0632,2.6455,1.4176,1.419,0.0802,0.4827,6.6897,6.4342,2.1145,2.2512,2.0227,6.6393,4.9858,3.5879,0.4963,6.5578,0.6799,4.4194,33.02,3.12,11.67,22.06,34.86,6.8,0.24,0.099,0.042,0.021,0.024,0.011
79,375415,2,1,0,3,1,6,1.598,5,8931,2.379,3.7718,2.3174,1.4544,1.9712,0.0479,0.2024,4.0062,5.4602,1.1827,1.5236,0.9882,5.8921,2.741,1.7527,0.3489,4.0169,1.0655,3.4628,44.61,5.58,16.36,30.48,8.18,0.74,0.0,0.005,0.003,0.0,0.008,0.003
80,565540,8,4,0,3,2,14,2.476,10,38863,6.872,6.233,3.8883,2.3447,2.4773,0.0707,0.4916,7.0693,3.8841,1.7523,3.4586,1.3545,9.5873,3.57,1.4199,0.5623,5.333,0.5305,4.4206,48.44,2.41,16.76,24.29,12.5,1.56,0.0,0.014,0.007,0.0,0.005,0.004
81,396168,10,4,4,7,0,14,3.534,11,20777,5.244,4.021,2.2894,1.7316,1.7467,0.0353,0.2196,4.2684,5.4303,0.6967,1.2469,0.5301,6.732,3.289,2.2465,0.6386,5.3386,1.2621,2.2718,44.2,4.14,15.47,29.01,11.88,0.83,0.28,0.025,0.01,0.01,0.018,0.0
82,264924,12,6,4,1,2,10,3.775,5,11309,4.269,4.2163,2.5819,1.6344,1.6042,0.0151,0.2189,4.4088,6.9467,1.1022,1.7363,0.7776,6.0357,1.91,1.1664,0.2076,5.5903,1.5099,2.6423,36.31,4.76,14.88,32.14,17.86,1.79,0.0,0.045,0.023,0.015,0.004,0.008
83,1108364,50,20,7,10,5,33,2.977,23,65566,5.916,5.7707,3.4718,2.2989,1.6457,0.0803,0.4935,8.9943,5.5373,2.2105,3.5331,0.9852,9.1558,4.928,3.1172,1.1197,7.0302,2.3458,4.4209,32.7,3.23,14.82,31.72,21.92,1.89,0.45,0.045,0.018,0.006,0.009,0.005
84,568702,54,32,19,20,4,33,5.803,23,70330,12.367,5.2506,2.6323,2.6182,1.521,0.1073,0.517,8.0218,8.0655,2.1452,3.7577,1.2309,8.6302,6.9685,5.08,1.6195,6.2142,1.4067,6.1544,31.5,3.15,13.05,27.67,29.47,2.14,0.22,0.095,0.056,0.033,0.035,0.007
85,706343,16,7,1,10,5,3,0.425,4,7748,1.097,3.0495,1.8136,1.2359,1.6493,0.0311,0.1331,4.6748,4.3908,1.3336,1.7414,0.9839,6.62,1.8801,0.5521,0.2959,5.0344,1.5573,5.663,46.5,4.83,15.67,28.33,7.83,0.83,0.5,0.023,0.01,0.001,0.014,0.007
86,438688,10,3,1,4,1,4,0.912,6,26587,6.061,3.98,2.4026,1.5774,1.9558,0.0684,0.367,5.3865,6.6341,1.1899,2.8631,1.2993,6.2892,2.0265,0.9323,0.4536,5.2178,1.5957,4.1031,45.19,3.13,13.87,28.41,13.87,3.13,0.22,0.023,0.007,0.002,0.009,0.002
87,372438,4,2,1,3,3,9,2.417,9,25130,6.747,3.8557,2.2205,1.6352,1.6459,0.0806,0.2175,5.4291,4.7885,0.9451,2.5884,0.9236,7.3945,2.8488,1.7936,0.4887,5.4184,0.8055,3.759,45.64,5.13,12.82,24.1,18.72,3.33,0.26,0.011,0.005,0.003,0.008,0.008
88,358700,10,6,3,2,2,18,5.018,6,16137,4.499,4.4829,2.668,1.8149,1.8679,0.0474,0.1868,4.5776,3.6664,1.0287,1.341,0.8447,7.1982,3.7803,2.0853,0.6078,4.7031,1.6727,4.7393,49.66,3.38,15.2,27.03,7.43,0.68,0.34,0.028,0.017,0.008,0.006,0.006
89,333896,9,7,1,4,2,16,4.792,7,17799,5.331,5.0225,3.2166,1.806,2.0066,0.0509,0.2276,4.3846,5.7402,1.8688,2.0216,1.5544,7.2957,4.4415,2.8991,0.3684,5.4538,0.2995,2.396,40.15,3.72,14.87,28.62,17.47,1.12,0.37,0.027,0.021,0.003,0.012,0.006
90,140082,5,2,1,0,0,8,5.711,7,16017,11.434,5.3968,3.3195,2.0774,2.1416,0.0428,0.3141,6.4748,2.608,0.5497,1.1279,0.464,7.3885,3.3195,2.2344,0.4783,5.0328,0.7139,2.8555,29.59,3.4,11.22,28.23,32.99,2.04,0.34,0.036,0.014,0.007,0.0,0.0
91,1324546,134,69,24,32,16,49,3.699,47,182182,13.754,5.0885,3.0984,1.9901,1.556,0.1457,0.8214,7.6932,6.8622,3.1958,3.3612,2.7587,8.0805,3.6994,2.5156,0.838,6.1749,1.8119,8.2292,20.97,2.76,15.88,24.67,41.49,8.41,0.38,0.101,0.052,0.018,0.024,0.012
92,1647435,57,39,13,17,11,49,2.974,19,99966,6.068,3.869,2.3916,1.4774,1.3706,0.0971,0.8097,12.9371,5.9002,2.3564,3.2499,1.2316,7.9499,3.9316,2.8098,0.916,8.1217,0.6677,5.4023,37.78,2.62,10.93,21.38,32.28,4.46,0.33,0.035,0.024,0.008,0.01,0.007
93,1681725,449,307,155,274,127,152,9.038,75,695592,41.362,7.4245,4.1344,3.2901,1.9034,0.1968,2.3963,14.9757,7.7983,3.2895,6.5391,2.2905,9.5366,7.619,5.5419,2.4659,5.8595,2.6164,11.7736,12.25,1.17,12.25,17.0,61.18,13.89,0.55,0.267,0.183,0.092,0.163,0.076
94,1419531,109,46,24,28,18,73,5.143,47,179298,12.631,5.1834,3.101,2.0824,1.5688,0.1176,1.013,11.7165,6.5104,2.8967,4.0443,1.9309,7.3877,5.0446,3.3349,1.4702,6.8494,0.634,7.1855,22.16,2.42,13.67,23.82,42.49,9.27,0.44,0.077,0.032,0.017,0.02,0.013
95,1270845,83,48,33,33,12,88,6.925,42,232626,18.305,5.5947,3.452,2.1427,1.5202,0.1841,0.9718,10.2176,6.4443,3.3765,4.3979,2.6565,8.1395,5.4696,3.8911,1.1748,6.1542,1.4951,7.8688,19.75,2.16,14.61,22.99,46.22,7.68,0.46,0.065,0.038,0.026,0.026,0.009
971,383569,43,11,1,33,19,2,0.521,19,58088,15.144,9.3907,4.7944,4.5963,2.1535,1.3739,1.4313,7.9047,4.8608,2.641,5.222,1.3896,7.8812,5.4384,3.4622,0.7039,4.0436,8.082,52.6633,15.49,2.35,37.56,27.7,28.64,4.69,0.0,0.112,0.029,0.003,0.086,0.05
972,361019,39,13,1,34,19,2,0.554,9,53407,14.793,8.4317,4.7504,3.6812,2.1135,0.8504,0.5291,5.1022,5.0328,2.2187,2.576,0.8781,6.5564,3.2381,2.2603,1.0526,4.166,9.4178,58.7227,22.75,2.65,33.33,27.51,22.22,2.65,0.53,0.108,0.036,0.003,0.094,0.053
973,288382,48,47,1,27,13,5,1.734,29,137607,47.717,9.6053,4.7714,4.8339,2.5556,2.944,1.5431,6.6682,10.5339,2.4239,4.3033,0.6727,4.7368,3.8248,3.1486,3.2457,2.3961,18.3784,90.8517,22.51,2.12,28.45,31.21,22.72,1.49,0.85,0.166,0.163,0.003,0.094,0.045
974,881348,58,47,19,53,29,56,6.354,57,184847,20.973,7.8879,4.9481,2.9398,2.4803,0.0613,0.5866,4.2537,2.2408,0.961,2.8059,0.4414,5.9931,2.7957,1.8392,0.4788,3.0669,1.9289,3.7443,21.92,2.31,30.71,23.14,28.05,2.02,2.09,0.066,0.053,0.022,0.06,0.033
976,256518,193,251,40,156,31,600,233.902,42,198853,77.52,7.1223,1.9453,5.177,1.9414,2.4092,1.918,5.0796,5.9827,1.3839,1.6763,0.2612,8.7674,1.306,0.8771,0.269,1.7699,7.017,22.6105,4.9,0.26,13.4,9.79,77.45,8.38,0.64,0.752,0.978,0.156,0.608,0.121
